Hash,Id
F39CFDF5,0
4582EE4A,1
6C507ED8,2
DF037954,3
AB6F341B,4
353FD27E,5
44DFF94D,6
4ABCF8AE,7
643F288A,8
85B80171,9
BC35AD81,10
8A821683,11
40DD4CF1,12
024A7E51,13
BCB2951A,14
D6AD09A0,15
977B3D2F,16
68A701F1,17
9FC0D703,18
FF4986F0,19
2D277B17,20
61FF8ED8,21
E766D1CA,22
C581097E,23
70B0D7BC,24
72E1B055,25
06A5C0D6,26
39B891B6,27
90F79D40,28
D88ADFF1,29
2B5B1FFA,30
28FF53ED,31
0C89C1BD,32
02B1E0C0,33
EEE1E975,34
81EEC3A4,35
ABCBB5FF,37
2FA01F95,36
8B3E61E4,38
2D0AD1CA,39
89551EA9,40
E8E3062A,41
1CDB3304,42
E103B6D1,43
250822E7,44
14D16F20,45
FCF2E873,46
012A6DA6,47
D93A4BED,48
92FB916F,49
21F24002,50
BB4C142F,51
8149886E,-1
